A,B,C,D,E,F,G,H,I,J,K,L,M,N,O,P,Q,R,S,T,U,V,W,X,Y,Z,AA,AB,AC,AD,AE,AF,AG,AH,AI,AJ,AK,AL,AM,AN,AO,AP,AQ,AR,AS,AT,AU,AV,AW,AX,AY,AZ,BA,BB,BC,BD,BE,BF,BG,BH,BI,BJ,BK,BL,BM,BN,BO,BP,BQ,BR,BS,BT,BU,BV,BW,BX,BY,BZ,CA,CB,CC,CD,CE,CF,CG,CH,CI,CJ,CK,CL,CM,CN,CO,CP,CQ,CR,CS,CT,CU,CV
1000,1000,1000,8.04818025722875,0.579733253270827,6.58033308213058,7.53774295811883,6.95953054738052,7.82929840050693,5.486056118589,9.48519801352285,1.46213761895137,0.310540605247073,5.84015622772276,1.13784384767809,9.3379365308244,3.2119326613684,1.91746316350702,4.50655415919479,9.03994519671226,8.63487778284382,2.495634399456,3.43048617011959,1.80936956948703,8.85760130343572,6.94397599908361,7.14125292330898,8.84086080073514,7.65580524753938,5.89171684992207,2.87302739999917,1.50367359119283,3.30471165966446,6.46400741614663,0.738756927599658,0.559062674980992,3.18730917642753,5.80672168373726,8.38820595783129,2.83321176500009,1.71605882278496,1.33340781878866,9.76760752071409,1.77907912080004,3.13195886566652,5.58925576565925,0.111616030102396,8.8463564873199,9.59696602304135,5.47756785554098,0.850783665263063,3.28342416414518,7.15860102842279,1.41586665874981,5.43419560707595,2.69582394490012,9.57005235325515,6.56431168022137,2.52540220705457,1.08145264299074,7.62657108710405,7.68828432748198,7.48371836021344,8.98115051003937,6.47450326303574,5.59000229941474,1.99720578603919,6.86330448040726,9.35151501619168,8.74164021399165,9.7569601560591,8.04329439999847,5.36219722856125,4.44228973864816,8.7474604417028,9.55799495296296,5.8354310297759,3.60753007766061,3.18632799106925,8.55994789947724,2.13321381728628,7.22246284790952,3.60306705619842,7.87570546532705,7.69080880135869,6.89328271651959,6.12321054871135,4.8580899283217,8.25726946116119,6.99855047204774,4.37030801787535,0.32414163910666,3.57974964989726,7.18107355582132,4.68055241621969,3.39528630719563,6.30062826296098,1.25681215182111,1.70035955744965,7.24344763814751
